path,name,xMin,xMax,yMin,yMax
./Cards/IMG_2634.jpeg,Card,1167,1860,1532,2466
./Cards/IMG_2634.jpeg,Diamond,1194,1254,1696,1773
./Cards/IMG_2634.jpeg,Diamond,1766,1840,2235,2319
./Cards/IMG_2634.jpeg,Ace,1184,1268,1573,1686
./Cards/IMG_2634.jpeg,Ace,1756,1847,2326,2439
./Cards/IMG_2663.jpeg,Card,1078,2036,1658,2331
./Cards/IMG_2663.jpeg,Three,1111,1231,2228,2309
./Cards/IMG_2663.jpeg,Diamond,1234,1315,2245,2305
./Cards/IMG_2663.jpeg,Diamond,1796,1877,1676,1740
./Cards/IMG_2663.jpeg,Three,1877,1994,1666,1753
./Cards/IMG_2675.jpeg,Card,1024,1980,1737,2406
./Cards/IMG_2675.jpeg,Ten,1067,1177,2319,2396
./Cards/IMG_2675.jpeg,Club,1188,1268,2319,2402
./Cards/IMG_2675.jpeg,Club,1733,1816,1740,1824
./Cards/IMG_2675.jpeg,Ten,1826,1947,1740,1817
./Cards/IMG_2622.jpeg,Card,1191,1853,1522,2496
./Cards/IMG_2622.jpeg,Four,1214,1291,1556,1686
./Cards/IMG_2622.jpeg,Spade,1214,1278,1680,1767
./Cards/IMG_2622.jpeg,Spade,1763,1840,2232,2336
./Cards/IMG_2622.jpeg,Four,1756,1826,2346,2439
./Cards/IMG_2659.jpeg,Card,1024,2007,1660,2319
./Cards/IMG_2659.jpeg,Jack,1074,1194,2242,2319
./Cards/IMG_2659.jpeg,Diamond,1201,1278,2249,2312
./Cards/IMG_2659.jpeg,Diamond,1739,1826,1666,1727
./Cards/IMG_2659.jpeg,Jack,1833,1940,1660,1740
./Cards/IMG_2570.jpeg,Card,1154,1853,1466,2409
./Cards/IMG_2570.jpeg,Heart,1174,1254,1609,1696
./Cards/IMG_2570.jpeg,Eight,1167,1254,1492,1599
./Cards/IMG_2570.jpeg,Heart,1743,1840,2148,2252
./Cards/IMG_2570.jpeg,Eight,1750,1830,2259,2352
./Cards/IMG_2618.jpeg,Card,1157,1830,1506,2459
./Cards/IMG_2618.jpeg,Jack,1171,1244,1543,1656
./Cards/IMG_2618.jpeg,Club,1171,1251,1663,1743
./Cards/IMG_2618.jpeg,Club,1723,1803,2222,2302
./Cards/IMG_2618.jpeg,Jack,1716,1800,2312,2419
./Cards/IMG_2531.jpeg,Card,1181,1810,1482,2463
./Cards/IMG_2531.jpeg,Diamond,1204,1274,1633,1727
./Cards/IMG_2531.jpeg,Five,1188,1285,1512,1630
./Cards/IMG_2531.jpeg,Diamond,1723,1786,2215,2309
./Cards/IMG_2531.jpeg,Five,1719,1793,2315,2419
./Cards/IMG_2589.jpeg,Card,1107,1803,1539,2469
./Cards/IMG_2589.jpeg,Queen,1111,1208,1563,1690
./Cards/IMG_2589.jpeg,Club,1114,1201,1683,1763
./Cards/IMG_2589.jpeg,Club,1689,1776,2239,2309
./Cards/IMG_2589.jpeg,Queen,1696,1780,2315,2423
./Cards/IMG_2566.jpeg,Card,1137,1857,1496,2433
./Cards/IMG_2566.jpeg,Eight,1167,1238,1536,1643
./Cards/IMG_2566.jpeg,Spade,1164,1238,1646,1737
./Cards/IMG_2566.jpeg,Spade,1743,1820,2182,2269
./Cards/IMG_2566.jpeg,Eight,1743,1826,2285,2389
./Cards/IMG_2511.jpeg,Card,1188,1803,1479,2446
./Cards/IMG_2511.jpeg,Queen,1208,1295,1512,1623
./Cards/IMG_2511.jpeg,Heart,1204,1281,1616,1700
./Cards/IMG_2511.jpeg,Heart,1699,1776,2195,2289
./Cards/IMG_2511.jpeg,Queen,1693,1773,2282,2389
./Cards/IMG_2638.jpeg,Card,1211,1877,1516,2483
./Cards/IMG_2638.jpeg,Two,1224,1301,1559,1660
./Cards/IMG_2638.jpeg,Spade,1231,1295,1666,1757
./Cards/IMG_2638.jpeg,Spade,1763,1847,2222,2315
./Cards/IMG_2638.jpeg,Two,1766,1843,2319,2443
./Cards/IMG_2546.jpeg,Card,1181,1887,1469,2399
./Cards/IMG_2546.jpeg,Nine,1201,1274,1499,1603
./Cards/IMG_2546.jpeg,Club,1201,1281,1609,1686
./Cards/IMG_2546.jpeg,Club,1770,1843,2162,2245
./Cards/IMG_2546.jpeg,Nine,1773,1840,2252,2352
./Cards/IMG_2680.jpeg,Card,1037,2000,1589,2282
./Cards/IMG_2680.jpeg,King,1084,1191,2175,2249
./Cards/IMG_2680.jpeg,Club,1198,1278,2178,2249
./Cards/IMG_2680.jpeg,Club,1756,1836,1603,1683
./Cards/IMG_2680.jpeg,King,1850,1950,1609,1693
./Cards/IMG_2550.jpeg,Card,1121,1810,1452,2429
./Cards/IMG_2550.jpeg,Jack,1137,1224,1486,1606
./Cards/IMG_2550.jpeg,Heart,1144,1211,1603,1686
./Cards/IMG_2550.jpeg,Heart,1703,1786,2168,2269
./Cards/IMG_2550.jpeg,Jack,1703,1773,2255,2372
./Cards/IMG_2679.jpeg,Card,1091,2054,1696,2372
./Cards/IMG_2679.jpeg,Four,1117,1251,2275,2356
./Cards/IMG_2679.jpeg,Spade,1244,1338,2279,2349
./Cards/IMG_2679.jpeg,Spade,1786,1893,1713,1783
./Cards/IMG_2679.jpeg,Four,1897,1994,1720,1790
./Cards/IMG_2507.jpeg,Card,1218,1813,1512,2496
./Cards/IMG_2507.jpeg,Five,1234,1305,1569,1670
./Cards/IMG_2507.jpeg,Club,1228,1311,1670,1757
./Cards/IMG_2507.jpeg,Club,1709,1786,2265,2346
./Cards/IMG_2507.jpeg,Five,1703,1786,2342,2459
./Cards/IMG_2593.jpeg,Card,1141,1823,1506,2456
./Cards/IMG_2593.jpeg,Seven,1154,1231,1546,1660
./Cards/IMG_2593.jpeg,Diamond,1157,1234,1673,1743
./Cards/IMG_2593.jpeg,Diamond,1733,1796,2218,2302
./Cards/IMG_2593.jpeg,Seven,1729,1803,2305,2423
./Cards/IMG_2655.jpeg,Card,1024,1974,1676,2369
./Cards/IMG_2655.jpeg,Three,1054,1164,2259,2336
./Cards/IMG_2655.jpeg,Heart,1167,1268,2259,2339
./Cards/IMG_2655.jpeg,Heart,1729,1820,1696,1780
./Cards/IMG_2655.jpeg,Three,1826,1930,1700,1783
./Cards/IMG_2602.jpeg,Card,1164,1833,1476,2439
./Cards/IMG_2602.jpeg,Four,1188,1258,1512,1626
./Cards/IMG_2602.jpeg,Club,1177,1254,1630,1717
./Cards/IMG_2602.jpeg,Club,1733,1810,2192,2289
./Cards/IMG_2602.jpeg,Four,1726,1806,2289,2396
./Cards/IMG_2497.jpeg,Card,1194,1820,1526,2496
./Cards/IMG_2497.jpeg,Ten,1204,1305,1569,1686
./Cards/IMG_2497.jpeg,Diamond,1211,1301,1680,1777
./Cards/IMG_2497.jpeg,Diamond,1716,1790,2249,2349
./Cards/IMG_2497.jpeg,Ten,1713,1800,2346,2459
./Cards/IMG_2614.jpeg,Card,1201,1870,1512,2479
./Cards/IMG_2614.jpeg,Queen,1218,1298,1549,1670
./Cards/IMG_2614.jpeg,Heart,1208,1281,1643,1733
./Cards/IMG_2614.jpeg,Heart,1770,1847,2218,2326
./Cards/IMG_2614.jpeg,Queen,1773,1843,2312,2433
./Cards/IMG_2585.jpeg,Card,1141,1806,1469,2453
./Cards/IMG_2585.jpeg,Queen,1151,1234,1506,1636
./Cards/IMG_2585.jpeg,Spade,1157,1228,1640,1737
./Cards/IMG_2585.jpeg,Spade,1709,1776,2178,2272
./Cards/IMG_2585.jpeg,Queen,1703,1780,2275,2386
./Cards/IMG_2643.jpeg,Card,1030,2014,1656,2322
./Cards/IMG_2643.jpeg,Two,1087,1211,2235,2312
./Cards/IMG_2643.jpeg,Club,1214,1295,2225,2312
./Cards/IMG_2643.jpeg,Club,1750,1840,1660,1743
./Cards/IMG_2643.jpeg,Two,1836,1944,1653,1743
./Cards/IMG_2642.jpeg,Card,1044,2007,1717,2399
./Cards/IMG_2642.jpeg,Jack,1084,1191,2295,2376
./Cards/IMG_2642.jpeg,Heart,1194,1291,2302,2376
./Cards/IMG_2642.jpeg,Heart,1753,1847,1727,1814
./Cards/IMG_2642.jpeg,Jack,1843,1950,1733,1817
./Cards/IMG_2584.jpeg,Card,1127,1806,1576,2530
./Cards/IMG_2584.jpeg,Ace,1147,1224,1613,1727
./Cards/IMG_2584.jpeg,Diamond,1151,1228,1727,1814
./Cards/IMG_2584.jpeg,Diamond,1713,1780,2279,2372
./Cards/IMG_2584.jpeg,Ace,1716,1786,2372,2489
./Cards/IMG_2615.jpeg,Card,1114,1833,1549,2479
./Cards/IMG_2615.jpeg,Eight,1131,1218,1583,1696
./Cards/IMG_2615.jpeg,Diamond,1151,1204,1700,1783
./Cards/IMG_2615.jpeg,Diamond,1733,1803,2239,2329
./Cards/IMG_2615.jpeg,Eight,1716,1820,2322,2446
./Cards/IMG_2496.jpeg,Card,1218,1860,1489,2486
./Cards/IMG_2496.jpeg,Four,1244,1338,1526,1640
./Cards/IMG_2496.jpeg,Heart,1254,1328,1633,1733
./Cards/IMG_2496.jpeg,Heart,1756,1836,2235,2326
./Cards/IMG_2496.jpeg,Four,1750,1840,2322,2443
./Cards/IMG_2603.jpeg,Card,1117,1823,1529,2489
./Cards/IMG_2603.jpeg,Three,1144,1228,1569,1690
./Cards/IMG_2603.jpeg,Spade,1147,1238,1686,1793
./Cards/IMG_2603.jpeg,Spade,1703,1786,2225,2322
./Cards/IMG_2603.jpeg,Three,1709,1793,2332,2453
./Cards/IMG_2654.jpeg,Card,1044,2010,1670,2359
./Cards/IMG_2654.jpeg,Queen,1084,1204,2249,2329
./Cards/IMG_2654.jpeg,Spade,1204,1301,2265,2329
./Cards/IMG_2654.jpeg,Spade,1743,1836,1690,1773
./Cards/IMG_2654.jpeg,Queen,1843,1954,1696,1767
./Cards/IMG_2592.jpeg,Card,1124,1820,1489,2423
./Cards/IMG_2592.jpeg,King,1131,1224,1522,1643
./Cards/IMG_2592.jpeg,Spade,1144,1211,1643,1737
./Cards/IMG_2592.jpeg,Spade,1719,1793,2172,2269
./Cards/IMG_2592.jpeg,King,1719,1803,2279,2392
./Cards/IMG_2506.jpeg,Card,1211,1823,1499,2466
./Cards/IMG_2506.jpeg,Three,1228,1315,1532,1633
./Cards/IMG_2506.jpeg,Spade,1231,1311,1636,1743
./Cards/IMG_2506.jpeg,Spade,1719,1796,2208,2312
./Cards/IMG_2506.jpeg,Three,1726,1803,2305,2426
./Cards/IMG_2678.jpeg,Card,1034,1964,1633,2359
./Cards/IMG_2678.jpeg,Eight,1057,1167,2222,2309
./Cards/IMG_2678.jpeg,Diamond,1171,1251,2222,2309
./Cards/IMG_2678.jpeg,Diamond,1736,1826,1676,1753
./Cards/IMG_2678.jpeg,Eight,1830,1933,1683,1753
./Cards/IMG_2551.jpeg,Card,1171,1830,1522,2513
./Cards/IMG_2551.jpeg,Three,1191,1271,1563,1673
./Cards/IMG_2551.jpeg,Heart,1191,1261,1673,1770
./Cards/IMG_2551.jpeg,Heart,1736,1810,2245,2346
./Cards/IMG_2551.jpeg,Three,1726,1813,2336,2459
./Cards/IMG_2681.jpeg,Card,1064,2004,1640,2362
./Cards/IMG_2681.jpeg,Six,1087,1201,2239,2312
./Cards/IMG_2681.jpeg,Diamond,1208,1285,2235,2319
./Cards/IMG_2681.jpeg,Diamond,1783,1860,1690,1767
./Cards/IMG_2681.jpeg,Six,1863,1987,1686,1780
./Cards/IMG_2547.jpeg,Card,1121,1823,1472,2423
./Cards/IMG_2547.jpeg,Eight,1134,1214,1509,1619
./Cards/IMG_2547.jpeg,Club,1134,1211,1613,1713
./Cards/IMG_2547.jpeg,Club,1713,1790,2168,2262
./Cards/IMG_2547.jpeg,Eight,1716,1793,2262,2362
./Cards/IMG_2639.jpeg,Card,1171,1853,1496,2463
./Cards/IMG_2639.jpeg,Jack,1184,1274,1539,1666
./Cards/IMG_2639.jpeg,Spade,1191,1261,1660,1747
./Cards/IMG_2639.jpeg,Spade,1756,1820,2202,2299
./Cards/IMG_2639.jpeg,Jack,1756,1830,2299,2416
./Cards/IMG_2510.jpeg,Card,1177,1836,1429,2426
./Cards/IMG_2510.jpeg,King,1204,1291,1472,1586
./Cards/IMG_2510.jpeg,Club,1214,1281,1583,1676
./Cards/IMG_2510.jpeg,Club,1726,1810,2185,2255
./Cards/IMG_2510.jpeg,King,1726,1810,2265,2382
./Cards/IMG_2588.jpeg,Card,1141,1836,1536,2489
./Cards/IMG_2588.jpeg,Six,1161,1241,1579,1693
./Cards/IMG_2588.jpeg,Diamond,1171,1234,1696,1773
./Cards/IMG_2588.jpeg,Diamond,1736,1810,2235,2332
./Cards/IMG_2588.jpeg,Six,1739,1820,2329,2446
./Cards/IMG_2567.jpeg,Card,1147,1790,1482,2493
./Cards/IMG_2567.jpeg,Ace,1161,1248,1526,1663
./Cards/IMG_2567.jpeg,Heart,1164,1224,1650,1740
./Cards/IMG_2567.jpeg,Heart,1683,1770,2225,2329
./Cards/IMG_2567.jpeg,Ace,1676,1763,2326,2446
./Cards/IMG_2530.jpeg,Card,1198,1850,1456,2443
./Cards/IMG_2530.jpeg,Eight,1214,1298,1502,1619
./Cards/IMG_2530.jpeg,Club,1221,1298,1616,1713
./Cards/IMG_2530.jpeg,Club,1736,1826,2198,2285
./Cards/IMG_2530.jpeg,Eight,1743,1833,2285,2396
./Cards/IMG_2619.jpeg,Card,1144,1840,1529,2476
./Cards/IMG_2619.jpeg,Ace,1171,1248,1566,1690
./Cards/IMG_2619.jpeg,Heart,1164,1241,1680,1773
./Cards/IMG_2619.jpeg,Heart,1736,1816,2225,2312
./Cards/IMG_2619.jpeg,Ace,1733,1820,2326,2443
./Cards/IMG_2526.jpeg,Card,1258,1903,1442,2436
./Cards/IMG_2526.jpeg,Jack,1271,1345,1489,1593
./Cards/IMG_2526.jpeg,Heart,1274,1358,1603,1696
./Cards/IMG_2526.jpeg,Heart,1793,1880,2178,2279
./Cards/IMG_2526.jpeg,Jack,1803,1883,2285,2392
./Cards/IMG_2571.jpeg,Card,1161,1843,1512,2469
./Cards/IMG_2571.jpeg,Three,1171,1264,1549,1663
./Cards/IMG_2571.jpeg,Diamond,1177,1261,1663,1757
./Cards/IMG_2571.jpeg,Diamond,1746,1820,2225,2305
./Cards/IMG_2571.jpeg,Three,1743,1823,2309,2419
./Cards/IMG_2658.jpeg,Card,1034,2010,1700,2372
./Cards/IMG_2658.jpeg,Two,1091,1201,2282,2356
./Cards/IMG_2658.jpeg,Diamond,1204,1291,2272,2356
./Cards/IMG_2658.jpeg,Diamond,1756,1833,1706,1770
./Cards/IMG_2658.jpeg,Two,1840,1954,1703,1800
./Cards/IMG_2623.jpeg,Card,1137,1847,1539,2486
./Cards/IMG_2623.jpeg,Ten,1157,1248,1579,1693
./Cards/IMG_2623.jpeg,Club,1164,1244,1696,1787
./Cards/IMG_2623.jpeg,Club,1739,1823,2242,2332
./Cards/IMG_2623.jpeg,Ten,1733,1833,2332,2453
./Cards/IMG_2674.jpeg,Card,987,1960,1690,2362
./Cards/IMG_2674.jpeg,Two,1040,1157,2275,2352
./Cards/IMG_2674.jpeg,Heart,1161,1251,2262,2349
./Cards/IMG_2674.jpeg,Heart,1703,1796,1696,1780
./Cards/IMG_2674.jpeg,Two,1793,1897,1700,1777
./Cards/IMG_2662.jpeg,Card,1087,2041,1663,2382
./Cards/IMG_2662.jpeg,Ten,1114,1228,2255,2339
./Cards/IMG_2662.jpeg,Diamond,1224,1305,2255,2336
./Cards/IMG_2662.jpeg,Diamond,1803,1877,1693,1770
./Cards/IMG_2662.jpeg,Ten,1887,1997,1706,1787
./Cards/IMG_2635.jpeg,Card,1184,1867,1529,2503
./Cards/IMG_2635.jpeg,Nine,1204,1285,1576,1683
./Cards/IMG_2635.jpeg,Spade,1204,1278,1676,1787
./Cards/IMG_2635.jpeg,Spade,1770,1830,2232,2332
./Cards/IMG_2635.jpeg,Nine,1760,1840,2329,2439
./Cards/IMG_2517.jpeg,Card,1241,1843,1476,2456
./Cards/IMG_2517.jpeg,Jack,1264,1335,1526,1640
./Cards/IMG_2517.jpeg,Club,1254,1331,1633,1723
./Cards/IMG_2517.jpeg,Club,1750,1820,2215,2305
./Cards/IMG_2517.jpeg,Jack,1743,1826,2299,2423
./Cards/IMG_2540.jpeg,Card,1167,1843,1532,2503
./Cards/IMG_2540.jpeg,Six,1184,1258,1573,1693
./Cards/IMG_2540.jpeg,Diamond,1188,1261,1690,1777
./Cards/IMG_2540.jpeg,Diamond,1743,1823,2245,2352
./Cards/IMG_2540.jpeg,Six,1743,1823,2339,2463
./Cards/IMG_2686.jpeg,Card,1040,2074,1616,2342
./Cards/IMG_2686.jpeg,Three,1131,1254,2245,2329
./Cards/IMG_2686.jpeg,Spade,1251,1351,2249,2319
./Cards/IMG_2686.jpeg,Spade,1770,1863,1650,1717
./Cards/IMG_2686.jpeg,Three,1873,1977,1643,1723
./Cards/IMG_2669.jpeg,Card,1014,1994,1686,2379
./Cards/IMG_2669.jpeg,Jack,1064,1177,2272,2352
./Cards/IMG_2669.jpeg,Club,1184,1254,2279,2356
./Cards/IMG_2669.jpeg,Club,1726,1810,1703,1783
./Cards/IMG_2669.jpeg,Jack,1813,1927,1703,1783
./Cards/IMG_2556.jpeg,Card,1184,1870,1499,2500
./Cards/IMG_2556.jpeg,Six,1224,1298,1559,1673
./Cards/IMG_2556.jpeg,Club,1214,1291,1660,1763
./Cards/IMG_2556.jpeg,Club,1760,1840,2242,2332
./Cards/IMG_2556.jpeg,Six,1763,1826,2339,2449
./Cards/IMG_2690.jpeg,Card,1010,1957,1636,2349
./Cards/IMG_2690.jpeg,Five,1050,1157,2255,2332
./Cards/IMG_2690.jpeg,Heart,1164,1261,2249,2326
./Cards/IMG_2690.jpeg,Heart,1696,1793,1663,1733
./Cards/IMG_2690.jpeg,Five,1796,1900,1660,1737
./Cards/IMG_2501.jpeg,Card,1231,1850,1492,2459
./Cards/IMG_2501.jpeg,Queen,1261,1335,1539,1646
./Cards/IMG_2501.jpeg,Spade,1261,1331,1643,1740
./Cards/IMG_2501.jpeg,Spade,1756,1823,2208,2302
./Cards/IMG_2501.jpeg,Queen,1760,1823,2299,2419
./Cards/IMG_2628.jpeg,Card,1177,1870,1499,2493
./Cards/IMG_2628.jpeg,Ten,1201,1281,1546,1666
./Cards/IMG_2628.jpeg,Heart,1204,1285,1663,1757
./Cards/IMG_2628.jpeg,Heart,1766,1836,2215,2326
./Cards/IMG_2628.jpeg,Ten,1760,1840,2322,2443
./Cards/IMG_2595.jpeg,Card,1151,1826,1466,2446
./Cards/IMG_2595.jpeg,Two,1177,1258,1519,1650
./Cards/IMG_2595.jpeg,Club,1177,1261,1643,1730
./Cards/IMG_2595.jpeg,Club,1723,1806,2202,2292
./Cards/IMG_2595.jpeg,Two,1733,1810,2282,2416
./Cards/IMG_2653.jpeg,Card,1014,1974,1656,2342
./Cards/IMG_2653.jpeg,Five,1057,1177,2252,2319
./Cards/IMG_2653.jpeg,Spade,1181,1261,2249,2312
./Cards/IMG_2653.jpeg,Spade,1709,1810,1680,1757
./Cards/IMG_2653.jpeg,Five,1810,1930,1680,1753
./Cards/IMG_2487.jpeg,Card,1184,1823,1449,2459
./Cards/IMG_2487.jpeg,Four,1204,1298,1506,1623
./Cards/IMG_2487.jpeg,Spade,1214,1285,1609,1713
./Cards/IMG_2487.jpeg,Spade,1719,1800,2195,2299
./Cards/IMG_2487.jpeg,Four,1726,1806,2285,2409
./Cards/IMG_2604.jpeg,Card,1137,1847,1502,2459
./Cards/IMG_2604.jpeg,Nine,1157,1238,1553,1656
./Cards/IMG_2604.jpeg,Club,1161,1244,1656,1757
./Cards/IMG_2604.jpeg,Club,1723,1820,2195,2302
./Cards/IMG_2604.jpeg,Nine,1733,1816,2302,2413
./Cards/IMG_2491.jpeg,Card,1177,1813,1445,2416
./Cards/IMG_2491.jpeg,Ten,1194,1285,1479,1593
./Cards/IMG_2491.jpeg,Heart,1211,1281,1593,1676
./Cards/IMG_2491.jpeg,Heart,1703,1783,2172,2255
./Cards/IMG_2491.jpeg,Ten,1706,1800,2259,2376
./Cards/IMG_2612.jpeg,Card,1127,1813,1529,2486
./Cards/IMG_2612.jpeg,Six,1141,1218,1566,1683
./Cards/IMG_2612.jpeg,Heart,1151,1214,1686,1780
./Cards/IMG_2612.jpeg,Heart,1709,1793,2232,2329
./Cards/IMG_2612.jpeg,Six,1709,1786,2332,2439
./Cards/IMG_2583.jpeg,Card,1127,1823,1536,2500
./Cards/IMG_2583.jpeg,Queen,1154,1234,1576,1700
./Cards/IMG_2583.jpeg,Diamond,1157,1221,1690,1783
./Cards/IMG_2583.jpeg,Diamond,1719,1786,2249,2332
./Cards/IMG_2583.jpeg,Queen,1716,1800,2326,2449
./Cards/IMG_2645.jpeg,Card,990,1954,1589,2289
./Cards/IMG_2645.jpeg,Seven,1024,1147,2172,2249
./Cards/IMG_2645.jpeg,Club,1154,1224,2178,2255
./Cards/IMG_2645.jpeg,Club,1709,1800,1609,1700
./Cards/IMG_2645.jpeg,Seven,1800,1907,1619,1686
./Cards/IMG_2632.jpeg,Card,1151,1863,1583,2543
./Cards/IMG_2632.jpeg,Queen,1174,1264,1630,1750
./Cards/IMG_2632.jpeg,Diamond,1184,1251,1750,1830
./Cards/IMG_2632.jpeg,Diamond,1760,1830,2285,2376
./Cards/IMG_2632.jpeg,Queen,1753,1826,2372,2483
./Cards/IMG_2665.jpeg,Card,1034,1994,1666,2346
./Cards/IMG_2665.jpeg,Seven,1077,1191,2255,2332
./Cards/IMG_2665.jpeg,Heart,1194,1288,2252,2326
./Cards/IMG_2665.jpeg,Heart,1753,1840,1680,1757
./Cards/IMG_2665.jpeg,Seven,1833,1947,1676,1743
./Cards/IMG_2673.jpeg,Card,1020,1990,1596,2285
./Cards/IMG_2673.jpeg,King,1057,1184,2168,2259
./Cards/IMG_2673.jpeg,Diamond,1184,1268,2192,2255
./Cards/IMG_2673.jpeg,Diamond,1729,1816,1626,1693
./Cards/IMG_2673.jpeg,King,1816,1930,1613,1693
./Cards/IMG_2624.jpeg,Card,1188,1863,1529,2489
./Cards/IMG_2624.jpeg,Seven,1204,1285,1566,1683
./Cards/IMG_2624.jpeg,Heart,1201,1285,1686,1777
./Cards/IMG_2624.jpeg,Heart,1760,1843,2239,2342
./Cards/IMG_2624.jpeg,Seven,1776,1840,2339,2456
./Cards/IMG_2599.jpeg,Card,1114,1790,1509,2476
./Cards/IMG_2599.jpeg,Seven,1124,1204,1549,1660
./Cards/IMG_2599.jpeg,Spade,1131,1201,1660,1770
./Cards/IMG_2599.jpeg,Spade,1689,1760,2208,2309
./Cards/IMG_2599.jpeg,Seven,1703,1766,2312,2436
./Cards/IMG_2576.jpeg,Card,1157,1847,1469,2443
./Cards/IMG_2576.jpeg,Ten,1174,1251,1506,1619
./Cards/IMG_2576.jpeg,Spade,1184,1248,1626,1723
./Cards/IMG_2576.jpeg,Spade,1743,1813,2168,2265
./Cards/IMG_2576.jpeg,Ten,1736,1823,2275,2392
./Cards/IMG_2608.jpeg,Card,1114,1813,1526,2496
./Cards/IMG_2608.jpeg,King,1144,1228,1569,1690
./Cards/IMG_2608.jpeg,Club,1144,1224,1680,1770
./Cards/IMG_2608.jpeg,Club,1706,1793,2239,2332
./Cards/IMG_2608.jpeg,King,1703,1793,2326,2443
./Cards/IMG_2521.jpeg,Card,1218,1823,1479,2459
./Cards/IMG_2521.jpeg,Jack,1238,1311,1519,1633
./Cards/IMG_2521.jpeg,Spade,1234,1311,1626,1737
./Cards/IMG_2521.jpeg,Spade,1729,1796,2212,2292
./Cards/IMG_2521.jpeg,Jack,1726,1800,2292,2413
./Cards/IMG_2537.jpeg,Cards,1107,1783,1456,2443
./Cards/IMG_2537.jpeg,Queen,1127,1211,1506,1623
./Cards/IMG_2537.jpeg,Club,1124,1204,1616,1717
./Cards/IMG_2537.jpeg,Club,1683,1773,2185,2279
./Cards/IMG_2537.jpeg,Queen,1679,1760,2265,2382
./Cards/IMG_2649.jpeg,Cards,1017,1994,1660,2429
./Cards/IMG_2649.jpeg,Ace,1084,1208,2312,2389
./Cards/IMG_2649.jpeg,Heart,1204,1295,2305,2382
./Cards/IMG_2649.jpeg,Heart,1713,1803,1706,1783
./Cards/IMG_2649.jpeg,Ace,1803,1913,1696,1777
./Cards/IMG_2560.jpeg,Card,1194,1867,1459,2456
./Cards/IMG_2560.jpeg,Five,1221,1295,1519,1633
./Cards/IMG_2560.jpeg,Heart,1214,1305,1626,1723
./Cards/IMG_2560.jpeg,Heart,1750,1826,2205,2305
./Cards/IMG_2560.jpeg,Five,1753,1823,2309,2426
./Cards/IMG_2561.jpeg,Card,1177,1853,1456,2466
./Cards/IMG_2561.jpeg,Four,1218,1288,1512,1623
./Cards/IMG_2561.jpeg,Diamond,1218,1295,1619,1727
./Cards/IMG_2561.jpeg,Diamond,1753,1816,2198,2292
./Cards/IMG_2561.jpeg,Four,1750,1816,2299,2409
./Cards/IMG_2648.jpeg,Card,977,1977,1656,2366
./Cards/IMG_2648.jpeg,Five,1027,1147,2259,2336
./Cards/IMG_2648.jpeg,Club,1151,1238,2252,2332
./Cards/IMG_2648.jpeg,Club,1689,1786,1676,1763
./Cards/IMG_2648.jpeg,Five,1790,1910,1686,1767
./Cards/IMG_2536.jpeg,Card,1127,1826,1442,2439
./Cards/IMG_2536.jpeg,Nine,1151,1244,1506,1616
./Cards/IMG_2536.jpeg,Diamond,1167,1234,1613,1700
./Cards/IMG_2536.jpeg,Diamond,1719,1800,2165,2262
./Cards/IMG_2536.jpeg,Nine,1723,1796,2262,2376
./Cards/IMG_2520.jpeg,Card,1198,1836,1429,2423
./Cards/IMG_2520.jpeg,Six,1208,1281,1469,1576
./Cards/IMG_2520.jpeg,Heart,1204,1281,1579,1663
./Cards/IMG_2520.jpeg,Heart,1726,1796,2182,2272
./Cards/IMG_2520.jpeg,Six,1726,1803,2272,2376
./Cards/IMG_2609.jpeg,Card,1091,1803,1482,2446
./Cards/IMG_2609.jpeg,Three,1114,1198,1532,1636
./Cards/IMG_2609.jpeg,Club,1121,1201,1640,1727
./Cards/IMG_2609.jpeg,Club,1689,1773,2182,2275
./Cards/IMG_2609.jpeg,Three,1693,1770,2275,2382
./Cards/IMG_2598.jpeg,Card,1124,1806,1459,2433
./Cards/IMG_2598.jpeg,Jack,1144,1224,1496,1603
./Cards/IMG_2598.jpeg,Heart,1151,1218,1609,1693
./Cards/IMG_2598.jpeg,Heart,1703,1773,2182,2269
./Cards/IMG_2598.jpeg,Jack,1703,1773,2269,2369
./Cards/IMG_2577.jpeg,Card,1147,1867,1522,2483
./Cards/IMG_2577.jpeg,Five,1188,1258,1576,1680
./Cards/IMG_2577.jpeg,Diamond,1191,1261,1690,1773
./Cards/IMG_2577.jpeg,Diamond,1763,1833,2232,2312
./Cards/IMG_2577.jpeg,Five,1770,1836,2315,2429
./Cards/IMG_2625.jpeg,Card,1171,1870,1486,2466
./Cards/IMG_2625.jpeg,Two,1208,1285,1529,1640
./Cards/IMG_2625.jpeg,Heart,1211,1281,1640,1717
./Cards/IMG_2625.jpeg,Heart,1750,1823,2218,2299
./Cards/IMG_2625.jpeg,Two,1746,1826,2305,2413
./Cards/IMG_2672.jpeg,Card,1037,2004,1676,2356
./Cards/IMG_2672.jpeg,Heart,1753,1833,1696,1760
./Cards/IMG_2672.jpeg,King,1833,1947,1693,1767
./Cards/IMG_2672.jpeg,King,1084,1194,2259,2332
./Cards/IMG_2672.jpeg,Heart,1191,1281,2262,2332
./Cards/IMG_2664.jpeg,Card,1024,1994,1690,2369
./Cards/IMG_2664.jpeg,Nine,1074,1184,2282,2339
./Cards/IMG_2664.jpeg,Spade,1188,1285,2282,2339
./Cards/IMG_2664.jpeg,Spade,1733,1823,1713,1767
./Cards/IMG_2664.jpeg,Nine,1826,1933,1710,1767
./Cards/IMG_2633.jpeg,Card,1184,1887,1549,2523
./Cards/IMG_2633.jpeg,Ten,1221,1295,1596,1696
./Cards/IMG_2633.jpeg,Diamond,1221,1295,1700,1783
./Cards/IMG_2633.jpeg,Diamond,1780,1843,2279,2359
./Cards/IMG_2633.jpeg,Ten,1780,1847,2366,2479
./Cards/IMG_2644.jpeg,Card,1014,1977,1633,2336
./Cards/IMG_2644.jpeg,Nine,1054,1161,2222,2289
./Cards/IMG_2644.jpeg,Club,1161,1251,2218,2299
./Cards/IMG_2644.jpeg,Club,1736,1816,1670,1747
./Cards/IMG_2644.jpeg,Nine,1816,1927,1676,1743
./Cards/IMG_2582.jpeg,Card,1151,1847,1496,2453
./Cards/IMG_2582.jpeg,Ten,1171,1241,1539,1643
./Cards/IMG_2582.jpeg,Heart,1177,1244,1650,1733
./Cards/IMG_2582.jpeg,Heart,1746,1816,2202,2289
./Cards/IMG_2582.jpeg,Ten,1750,1823,2292,2392
./Cards/IMG_2613.jpeg,Card,1174,1873,1496,2446
./Cards/IMG_2613.jpeg,Four,1194,1268,1549,1653
./Cards/IMG_2613.jpeg,Diamond,1201,1264,1660,1740
./Cards/IMG_2613.jpeg,Diamond,1780,1840,2205,2279
./Cards/IMG_2613.jpeg,Four,1776,1850,2295,2399
./Cards/IMG_2490.jpeg,Card,1204,1820,1526,2486
./Cards/IMG_2490.jpeg,Nine,1224,1298,1566,1673
./Cards/IMG_2490.jpeg,Diamond,1228,1301,1676,1757
./Cards/IMG_2490.jpeg,Diamond,1726,1793,2245,2326
./Cards/IMG_2490.jpeg,Nine,1726,1796,2329,2439
./Cards/IMG_2605.jpeg,Card,1141,1857,1543,2503
./Cards/IMG_2605.jpeg,Six,1184,1254,1583,1686
./Cards/IMG_2605.jpeg,Spade,1191,1251,1696,1783
./Cards/IMG_2605.jpeg,Spade,1743,1800,2262,2346
./Cards/IMG_2605.jpeg,Six,1739,1803,2359,2469
./Cards/IMG_2486.jpeg,Card,1181,1816,1536,2496
./Cards/IMG_2486.jpeg,Two,1201,1278,1586,1686
./Cards/IMG_2486.jpeg,Spade,1201,1278,1686,1773
./Cards/IMG_2486.jpeg,Spade,1719,1783,2249,2336
./Cards/IMG_2486.jpeg,Two,1716,1786,2342,2439
./Cards/IMG_2652.jpeg,Card,1020,1984,1660,2342
./Cards/IMG_2652.jpeg,Ten,1070,1177,2245,2315
./Cards/IMG_2652.jpeg,Heart,1177,1264,2249,2315
./Cards/IMG_2652.jpeg,Heart,1736,1823,1680,1750
./Cards/IMG_2652.jpeg,Ten,1826,1933,1676,1750
./Cards/IMG_2594.jpeg,Card,1131,1820,1479,2429
./Cards/IMG_2594.jpeg,Nine,1154,1221,1526,1630
./Cards/IMG_2594.jpeg,Diamond,1157,1221,1633,1717
./Cards/IMG_2594.jpeg,Diamond,1723,1790,2188,2269
./Cards/IMG_2594.jpeg,Nine,1723,1793,2269,2379
./Cards/IMG_2629.jpeg,Card,1184,1877,1479,2439
./Cards/IMG_2629.jpeg,Ace,1221,1295,1519,1630
./Cards/IMG_2629.jpeg,Spade,1221,1295,1633,1727
./Cards/IMG_2629.jpeg,Spade,1773,1836,2192,2282
./Cards/IMG_2629.jpeg,Ace,1776,1843,2289,2389
./Cards/IMG_2500.jpeg,Card,1208,1833,1539,2500
./Cards/IMG_2500.jpeg,Seven,1234,1308,1566,1676
./Cards/IMG_2500.jpeg,Club,1228,1311,1676,1753
./Cards/IMG_2500.jpeg,Club,1729,1806,2259,2332
./Cards/IMG_2500.jpeg,Seven,1729,1806,2332,2446
./Cards/IMG_2691.jpeg,Card,1020,2000,1693,2372
./Cards/IMG_2691.jpeg,Diamond,1736,1823,1703,1763
./Cards/IMG_2691.jpeg,Seven,1823,1933,1706,1770
./Cards/IMG_2691.jpeg,Seven,1074,1194,2279,2356
./Cards/IMG_2691.jpeg,Diamond,1194,1278,2282,2346
./Cards/IMG_2557.jpeg,Card,1161,1857,1492,2459
./Cards/IMG_2557.jpeg,Four,1184,1254,1529,1636
./Cards/IMG_2557.jpeg,Heart,1188,1254,1646,1723
./Cards/IMG_2557.jpeg,Heart,1750,1826,2198,2285
./Cards/IMG_2557.jpeg,Four,1753,1823,2289,2402
./Cards/IMG_2687.jpeg,Card,957,1950,1599,2282
./Cards/IMG_2687.jpeg,Spade,1669,1760,1613,1673
./Cards/IMG_2687.jpeg,King,1760,1883,1606,1676
./Cards/IMG_2687.jpeg,King,1024,1137,2188,2259
./Cards/IMG_2687.jpeg,Spade,1134,1231,2192,2255
./Cards/IMG_2668.jpeg,Card,1020,2010,1646,2339
./Cards/IMG_2668.jpeg,Nine,1070,1188,2228,2289
./Cards/IMG_2668.jpeg,Diamond,1191,1268,2232,2289
./Cards/IMG_2668.jpeg,Diamond,1756,1836,1670,1733
./Cards/IMG_2668.jpeg,Nine,1836,1950,1673,1740
./Cards/IMG_2541.jpeg,Card,1188,1877,1546,2516
./Cards/IMG_2541.jpeg,Ace,1211,1281,1586,1700
./Cards/IMG_2541.jpeg,Club,1204,1288,1700,1783
./Cards/IMG_2541.jpeg,Club,1760,1843,2265,2352
./Cards/IMG_2541.jpeg,Ace,1766,1836,2356,2466
./Cards/IMG_2516.jpeg,Card,1208,1833,1536,2496
./Cards/IMG_2516.jpeg,Ten,1224,1305,1573,1680
./Cards/IMG_2516.jpeg,Spade,1228,1301,1676,1777
./Cards/IMG_2516.jpeg,Spade,1733,1800,2252,2336
./Cards/IMG_2516.jpeg,Ten,1733,1810,2332,2449
./Cards/IMG_2647.jpeg,Card,1014,1980,1643,2329
./Cards/IMG_2647.jpeg,Queen,1060,1177,2235,2299
./Cards/IMG_2647.jpeg,Heart,1174,1268,2232,2295
./Cards/IMG_2647.jpeg,Heart,1723,1820,1660,1733
./Cards/IMG_2647.jpeg,Queen,1816,1930,1660,1727
./Cards/IMG_2581.jpeg,Card,1167,1880,1566,2510
./Cards/IMG_2581.jpeg,Jack,1184,1268,1603,1717
./Cards/IMG_2581.jpeg,Diamond,1198,1268,1720,1800
./Cards/IMG_2581.jpeg,Diamond,1773,1850,2265,2349
./Cards/IMG_2581.jpeg,Jack,1780,1857,2352,2456
./Cards/IMG_2610.jpeg,Card,1134,1833,1489,2463
./Cards/IMG_2610.jpeg,Four,1164,1241,1526,1636
./Cards/IMG_2610.jpeg,Heart,1164,1241,1636,1727
./Cards/IMG_2610.jpeg,Heart,1716,1793,2212,2305
./Cards/IMG_2610.jpeg,Four,1716,1786,2305,2409
./Cards/IMG_2539.jpeg,Card,1124,1843,1549,2496
./Cards/IMG_2539.jpeg,Four,1147,1231,1593,1696
./Cards/IMG_2539.jpeg,Club,1154,1234,1700,1783
./Cards/IMG_2539.jpeg,Club,1729,1810,2249,2332
./Cards/IMG_2539.jpeg,Four,1733,1816,2336,2443
./Cards/IMG_2493.jpeg,Card,1167,1800,1519,2473
./Cards/IMG_2493.jpeg,Nine,1188,1264,1556,1663
./Cards/IMG_2493.jpeg,Spade,1191,1268,1673,1757
./Cards/IMG_2493.jpeg,Spade,1699,1773,2222,2312
./Cards/IMG_2493.jpeg,Nine,1703,1776,2312,2426
./Cards/IMG_2606.jpeg,Card,1124,1823,1492,2456
./Cards/IMG_2606.jpeg,King,1151,1234,1529,1640
./Cards/IMG_2606.jpeg,Heart,1157,1224,1643,1730
./Cards/IMG_2606.jpeg,Heart,1716,1793,2208,2292
./Cards/IMG_2606.jpeg,King,1713,1790,2292,2409
./Cards/IMG_2485.jpeg,Card,1174,1810,1549,2523
./Cards/IMG_2485.jpeg,Ace,1208,1295,1586,1700
./Cards/IMG_2485.jpeg,Club,1211,1298,1693,1777
./Cards/IMG_2485.jpeg,Club,1709,1790,2269,2352
./Cards/IMG_2485.jpeg,Ace,1706,1786,2352,2453
./Cards/IMG_2651.jpeg,Card,1060,2024,1676,2379
./Cards/IMG_2651.jpeg,Ten,1097,1214,2262,2329
./Cards/IMG_2651.jpeg,Spade,1214,1308,2265,2332
./Cards/IMG_2651.jpeg,Spade,1770,1870,1713,1780
./Cards/IMG_2651.jpeg,Ten,1870,1984,1713,1780
./Cards/IMG_2578.jpeg,Card,1157,1877,1546,2500
./Cards/IMG_2578.jpeg,Ten,1181,1258,1586,1690
./Cards/IMG_2578.jpeg,Club,1184,1264,1693,1777
./Cards/IMG_2578.jpeg,Club,1756,1840,2242,2336
./Cards/IMG_2578.jpeg,Ten,1766,1843,2339,2443
./Cards/IMG_2597.jpeg,Card,1171,1850,1496,2463
./Cards/IMG_2597.jpeg,Five,1198,1268,1539,1646
./Cards/IMG_2597.jpeg,Spade,1201,1261,1650,1740
./Cards/IMG_2597.jpeg,Spade,1753,1813,2202,2299
./Cards/IMG_2597.jpeg,Five,1750,1820,2302,2419
./Cards/IMG_2503.jpeg,Card,1164,1816,1539,2526
./Cards/IMG_2503.jpeg,Three,1194,1274,1579,1686
./Cards/IMG_2503.jpeg,Heart,1194,1271,1690,1770
./Cards/IMG_2503.jpeg,Heart,1723,1800,2275,2362
./Cards/IMG_2503.jpeg,Three,1723,1796,2362,2473
./Cards/IMG_2554.jpeg,Card,1171,1850,1526,2496
./Cards/IMG_2554.jpeg,Six,1194,1264,1566,1673
./Cards/IMG_2554.jpeg,Spade,1194,1261,1676,1767
./Cards/IMG_2554.jpeg,Spade,1743,1816,2235,2336
./Cards/IMG_2554.jpeg,Six,1750,1816,2336,2443
./Cards/IMG_2684.jpeg,Card,1007,1994,1666,2342
./Cards/IMG_2684.jpeg,Three,1064,1181,2255,2322
./Cards/IMG_2684.jpeg,Club,1184,1271,2249,2329
./Cards/IMG_2684.jpeg,Club,1733,1820,1673,1753
./Cards/IMG_2684.jpeg,Three,1816,1930,1673,1750
./Cards/IMG_2542.jpeg,Card,1097,1806,1489,2449
./Cards/IMG_2542.jpeg,King,1127,1214,1532,1643
./Cards/IMG_2542.jpeg,Spade,1131,1204,1653,1737
./Cards/IMG_2542.jpeg,Spade,1706,1773,2195,2285
./Cards/IMG_2542.jpeg,King,1703,1780,2289,2396
./Cards/IMG_2515.jpeg,Card,1174,1793,1492,2469
./Cards/IMG_2515.jpeg,Two,1208,1288,1532,1646
./Cards/IMG_2515.jpeg,Club,1208,1285,1643,1727
./Cards/IMG_2515.jpeg,Club,1686,1766,2228,2305
./Cards/IMG_2515.jpeg,Two,1689,1763,2312,2419
./Cards/IMG_2562.jpeg,Card,1091,1800,1492,2449
./Cards/IMG_2562.jpeg,Queen,1117,1194,1529,1640
./Cards/IMG_2562.jpeg,Heart,1117,1191,1646,1727
./Cards/IMG_2562.jpeg,Heart,1689,1766,2192,2282
./Cards/IMG_2562.jpeg,Queen,1689,1766,2285,2389
./Cards/IMG_2535.jpeg,Card,1067,1776,1573,2530
./Cards/IMG_2535.jpeg,Seven,1087,1171,1613,1723
./Cards/IMG_2535.jpeg,Diamond,1097,1174,1727,1814
./Cards/IMG_2535.jpeg,Diamond,1669,1743,2282,2366
./Cards/IMG_2535.jpeg,Seven,1676,1746,2369,2476
./Cards/IMG_2523.jpeg,Card,1241,1887,1399,2402
./Cards/IMG_2523.jpeg,Eight,1271,1361,1439,1543
./Cards/IMG_2523.jpeg,Heart,1281,1355,1546,1633
./Cards/IMG_2523.jpeg,Heart,1783,1863,2141,2228
./Cards/IMG_2523.jpeg,Eight,1783,1860,2228,2339
./Cards/IMG_2489.jpeg,Card,1174,1816,1429,2426
./Cards/IMG_2489.jpeg,Seven,1198,1285,1469,1579
./Cards/IMG_2489.jpeg,Spade,1208,1278,1576,1676
./Cards/IMG_2489.jpeg,Spade,1706,1780,2172,2262
./Cards/IMG_2489.jpeg,Seven,1699,1786,2269,2382
./Cards/IMG_2574.jpeg,Card,1154,1840,1529,2500
./Cards/IMG_2574.jpeg,Ace,1184,1264,1566,1680
./Cards/IMG_2574.jpeg,Spade,1184,1254,1683,1773
./Cards/IMG_2574.jpeg,Spade,1733,1793,2252,2349
./Cards/IMG_2574.jpeg,Ace,1729,1800,2352,2463
./Cards/IMG_2626.jpeg,Card,1117,1813,1482,2446
./Cards/IMG_2626.jpeg,Eight,1147,1218,1522,1623
./Cards/IMG_2626.jpeg,Heart,1147,1214,1630,1717
./Cards/IMG_2626.jpeg,Heart,1706,1783,2185,2282
./Cards/IMG_2626.jpeg,Eight,1706,1780,2282,2389
./Cards/IMG_2671.jpeg,Card,973,1960,1609,2285
./Cards/IMG_2671.jpeg,Diamond,1696,1780,1626,1693
./Cards/IMG_2671.jpeg,Four,1780,1890,1616,1693
./Cards/IMG_2671.jpeg,Four,1040,1151,2208,2279
./Cards/IMG_2671.jpeg,Diamond,1151,1241,2208,2272
./Cards/IMG_2667.jpeg,Card,1044,2004,1663,2382
./Cards/IMG_2667.jpeg,Club,1760,1847,1703,1780
./Cards/IMG_2667.jpeg,Six,1847,1964,1703,1777
./Cards/IMG_2667.jpeg,Six,1084,1198,2259,2329
./Cards/IMG_2667.jpeg,Club,1201,1288,2259,2332
./Cards/IMG_2688.jpeg,Card,997,1964,1660,2349
./Cards/IMG_2688.jpeg,Queen,1054,1161,2245,2305
./Cards/IMG_2688.jpeg,Club,1157,1244,2245,2315
./Cards/IMG_2688.jpeg,Club,1713,1800,1670,1750
./Cards/IMG_2688.jpeg,Queen,1800,1917,1670,1750
./Cards/IMG_2519.jpeg,Card,1181,1810,1549,2520
./Cards/IMG_2519.jpeg,King,1204,1291,1589,1696
./Cards/IMG_2519.jpeg,Spade,1211,1285,1703,1790
./Cards/IMG_2519.jpeg,Spade,1719,1780,2265,2359
./Cards/IMG_2519.jpeg,King,1709,1793,2362,2469
./Cards/IMG_2630.jpeg,Card,1194,1907,1593,2546
./Cards/IMG_2630.jpeg,Two,1221,1305,1646,1750
./Cards/IMG_2630.jpeg,Diamond,1221,1301,1757,1837
./Cards/IMG_2630.jpeg,Diamond,1806,1877,2305,2389
./Cards/IMG_2630.jpeg,Two,1806,1880,2392,2503
./Cards/IMG_2631.jpeg,Card,1188,1877,1576,2556
./Cards/IMG_2631.jpeg,Queen,1218,1295,1616,1730
./Cards/IMG_2631.jpeg,Spade,1218,1288,1730,1820
./Cards/IMG_2631.jpeg,Spade,1763,1830,2295,2386
./Cards/IMG_2631.jpeg,Queen,1760,1826,2389,2503
./Cards/IMG_2518.jpeg,Card,1171,1800,1469,2449
./Cards/IMG_2518.jpeg,Five,1198,1278,1506,1619
./Cards/IMG_2518.jpeg,Heart,1204,1278,1623,1706
./Cards/IMG_2518.jpeg,Heart,1699,1780,2188,2275
./Cards/IMG_2518.jpeg,Five,1709,1780,2279,2392
./Cards/IMG_2666.jpeg,Card,1004,1970,1656,2352
./Cards/IMG_2666.jpeg,Eight,1047,1161,2249,2319
./Cards/IMG_2666.jpeg,Spade,1161,1258,2249,2312
./Cards/IMG_2666.jpeg,Spade,1713,1806,1680,1743
./Cards/IMG_2666.jpeg,Eight,1810,1917,1676,1747
./Cards/IMG_2689.jpeg,Card,1047,2024,1706,2376
./Cards/IMG_2689.jpeg,Four,1850,1964,1713,1783
./Cards/IMG_2689.jpeg,Club,1763,1850,1710,1783
./Cards/IMG_2689.jpeg,Club,1221,1305,2285,2369
./Cards/IMG_2689.jpeg,Four,1101,1218,2292,2366
./Cards/IMG_2670.jpeg,Card,1027,1990,1720,2409
./Cards/IMG_2670.jpeg,Six,1070,1184,2309,2376
./Cards/IMG_2670.jpeg,Heart,1184,1278,2309,2379
./Cards/IMG_2670.jpeg,Heart,1750,1833,1737,1810
./Cards/IMG_2670.jpeg,Six,1833,1944,1737,1810
./Cards/IMG_2559.jpeg,Card,1167,1843,1499,2486
./Cards/IMG_2559.jpeg,Three,1198,1281,1536,1656
./Cards/IMG_2559.jpeg,Club,1194,1274,1660,1747
./Cards/IMG_2559.jpeg,Club,1723,1810,2242,2322
./Cards/IMG_2559.jpeg,Three,1726,1800,2326,2446
./Cards/IMG_2627.jpeg,Card,1164,1857,1566,2516
./Cards/IMG_2627.jpeg,Jack,1181,1261,1596,1706
./Cards/IMG_2627.jpeg,Diamond,1191,1258,1713,1800
./Cards/IMG_2627.jpeg,Diamond,1763,1823,2275,2352
./Cards/IMG_2627.jpeg,Jack,1756,1830,2352,2466
./Cards/IMG_2575.jpeg,Card,1144,1857,1472,2426
./Cards/IMG_2575.jpeg,Two,1171,1254,1516,1633
./Cards/IMG_2575.jpeg,Heart,1177,1254,1636,1710
./Cards/IMG_2575.jpeg,Heart,1750,1830,2165,2259
./Cards/IMG_2575.jpeg,Two,1760,1830,2265,2372
./Cards/IMG_2522.jpeg,Card,1214,1843,1549,2516
./Cards/IMG_2522.jpeg,Six,1241,1311,1589,1693
./Cards/IMG_2522.jpeg,Spade,1238,1311,1693,1780
./Cards/IMG_2522.jpeg,Spade,1739,1813,2262,2356
./Cards/IMG_2522.jpeg,Six,1743,1816,2359,2469
./Cards/IMG_2488.jpeg,Card,1161,1790,1512,2479
./Cards/IMG_2488.jpeg,Four,1194,1281,1546,1656
./Cards/IMG_2488.jpeg,Diamond,1198,1278,1660,1743
./Cards/IMG_2488.jpeg,Diamond,1693,1766,2225,2319
./Cards/IMG_2488.jpeg,Four,1689,1766,2319,2433
./Cards/IMG_2534.jpeg,Card,1121,1763,1492,2479
./Cards/IMG_2534.jpeg,Queen,1147,1221,1522,1633
./Cards/IMG_2534.jpeg,Diamond,1151,1221,1636,1723
./Cards/IMG_2534.jpeg,Diamond,1666,1743,2218,2309
./Cards/IMG_2534.jpeg,Queen,1669,1743,2312,2416
./Cards/IMG_2563.jpeg,Card,1194,1867,1489,2446
./Cards/IMG_2563.jpeg,Eight,1214,1288,1526,1630
./Cards/IMG_2563.jpeg,Diamond,1218,1278,1636,1713
./Cards/IMG_2563.jpeg,Diamond,1773,1833,2205,2285
./Cards/IMG_2563.jpeg,Eight,1766,1836,2289,2392
./Cards/IMG_2514.jpeg,Card,1224,1826,1512,2486
./Cards/IMG_2514.jpeg,Two,1244,1318,1556,1656
./Cards/IMG_2514.jpeg,Heart,1248,1315,1660,1740
./Cards/IMG_2514.jpeg,Heart,1729,1803,2245,2332
./Cards/IMG_2514.jpeg,Two,1729,1803,2336,2439
./Cards/IMG_2543.jpeg,Card,1144,1853,1543,2479
./Cards/IMG_2543.jpeg,Two,1164,1241,1586,1690
./Cards/IMG_2543.jpeg,Club,1164,1248,1693,1780
./Cards/IMG_2543.jpeg,Club,1739,1823,2235,2319
./Cards/IMG_2543.jpeg,Two,1743,1820,2319,2433
./Cards/IMG_2685.jpeg,Card,1054,2014,1720,2406
./Cards/IMG_2685.jpeg,Eight,1091,1208,2302,2369
./Cards/IMG_2685.jpeg,Club,1208,1291,2305,2379
./Cards/IMG_2685.jpeg,Club,1766,1857,1740,1814
./Cards/IMG_2685.jpeg,Eight,1857,1964,1743,1814
./Cards/IMG_2555.jpeg,Card,1188,1867,1502,2469
./Cards/IMG_2555.jpeg,King,1208,1288,1532,1643
./Cards/IMG_2555.jpeg,Heart,1211,1281,1646,1737
./Cards/IMG_2555.jpeg,Heart,1773,1847,2212,2299
./Cards/IMG_2555.jpeg,King,1770,1847,2302,2416
./Cards/IMG_2502.jpeg,Card,1188,1836,1459,2449
./Cards/IMG_2502.jpeg,Five,1214,1285,1502,1613
./Cards/IMG_2502.jpeg,Spade,1214,1291,1619,1717
./Cards/IMG_2502.jpeg,Spade,1739,1813,2192,2289
./Cards/IMG_2502.jpeg,Five,1743,1816,2292,2399
./Cards/IMG_2579.jpeg,Card,1198,1860,1553,2520
./Cards/IMG_2579.jpeg,Seven,1211,1285,1589,1700
./Cards/IMG_2579.jpeg,Heart,1211,1281,1706,1797
./Cards/IMG_2579.jpeg,Heart,1760,1836,2272,2366
./Cards/IMG_2579.jpeg,Seven,1766,1833,2366,2479
./Cards/IMG_2596.jpeg,Card,1101,1776,1476,2443
./Cards/IMG_2596.jpeg,Three,1124,1204,1509,1616
./Cards/IMG_2596.jpeg,Heart,1124,1198,1623,1703
./Cards/IMG_2596.jpeg,Heart,1669,1746,2198,2292
./Cards/IMG_2596.jpeg,Three,1663,1743,2285,2399
./Cards/IMG_2650.jpeg,Card,1024,1990,1683,2362
./Cards/IMG_2650.jpeg,Club,1739,1823,1690,1777
./Cards/IMG_2650.jpeg,Ace,1823,1944,1696,1763
./Cards/IMG_2650.jpeg,Ace,1074,1191,2269,2346
./Cards/IMG_2650.jpeg,Club,1188,1274,2265,2349
./Cards/IMG_2484.jpeg,Card,1191,1820,1543,2506
./Cards/IMG_2484.jpeg,Ace,1221,1305,1566,1680
./Cards/IMG_2484.jpeg,Diamond,1224,1301,1683,1773
./Cards/IMG_2484.jpeg,Diamond,1719,1796,2242,2336
./Cards/IMG_2484.jpeg,Ace,1723,1793,2342,2439
./Cards/IMG_2607.jpeg,Card,1137,1816,1445,2396
./Cards/IMG_2607.jpeg,Eight,1157,1231,1476,1579
./Cards/IMG_2607.jpeg,Club,1154,1234,1589,1673
./Cards/IMG_2607.jpeg,Club,1723,1796,2148,2239
./Cards/IMG_2607.jpeg,Eight,1726,1796,2242,2346
./Cards/IMG_2538.jpeg,Card,1134,1843,1509,2449
./Cards/IMG_2538.jpeg,Seven,1151,1238,1539,1653
./Cards/IMG_2538.jpeg,Club,1157,1238,1656,1740
./Cards/IMG_2538.jpeg,Club,1733,1810,2202,2302
./Cards/IMG_2538.jpeg,Seven,1736,1813,2305,2413
./Cards/IMG_2492.jpeg,Card,1174,1810,1506,2453
./Cards/IMG_2492.jpeg,Nine,1198,1278,1549,1653
./Cards/IMG_2492.jpeg,Club,1204,1281,1656,1743
./Cards/IMG_2492.jpeg,Club,1706,1783,2212,2299
./Cards/IMG_2492.jpeg,Nine,1716,1786,2302,2406
./Cards/IMG_2611.jpeg,Card,1137,1830,1425,2379
./Cards/IMG_2611.jpeg,Six,1167,1234,1462,1569
./Cards/IMG_2611.jpeg,Club,1167,1241,1576,1656
./Cards/IMG_2611.jpeg,Club,1723,1803,2125,2218
./Cards/IMG_2611.jpeg,Six,1733,1806,2225,2332
./Cards/IMG_2580.jpeg,Card,1151,1820,1526,2469
./Cards/IMG_2580.jpeg,Two,1167,1244,1556,1673
./Cards/IMG_2580.jpeg,Spade,1177,1241,1676,1763
./Cards/IMG_2580.jpeg,Spade,1723,1790,2225,2319
./Cards/IMG_2580.jpeg,Two,1726,1803,2326,2436
./Cards/IMG_2646.jpeg,Card,1060,2014,1599,2282
./Cards/IMG_2646.jpeg,Four,1091,1211,2175,2255
./Cards/IMG_2646.jpeg,Heart,1214,1308,2178,2252
./Cards/IMG_2646.jpeg,Heart,1776,1863,1606,1690
./Cards/IMG_2646.jpeg,Four,1867,1970,1613,1693
./Cards/IMG_2564.jpeg,Card,1137,1813,1492,2439
./Cards/IMG_2564.jpeg,Jack,1151,1228,1516,1636
./Cards/IMG_2564.jpeg,Club,1154,1231,1640,1723
./Cards/IMG_2564.jpeg,Club,1713,1790,2195,2289
./Cards/IMG_2564.jpeg,Jack,1719,1790,2292,2396
./Cards/IMG_2499.jpeg,Card,1181,1790,1532,2489
./Cards/IMG_2499.jpeg,Six,1198,1268,1566,1673
./Cards/IMG_2499.jpeg,Diamond,1201,1268,1680,1770
./Cards/IMG_2499.jpeg,Diamond,1689,1763,2242,2342
./Cards/IMG_2499.jpeg,Six,1696,1770,2346,2453
./Cards/IMG_2533.jpeg,Card,1208,1816,1442,2423
./Cards/IMG_2533.jpeg,Nine,1214,1298,1469,1586
./Cards/IMG_2533.jpeg,Heart,1221,1291,1576,1673
./Cards/IMG_2533.jpeg,Nine,1733,1803,2275,2376
./Cards/IMG_2533.jpeg,Heart,1719,1806,2172,2269
./Cards/IMG_2525.jpeg,Card,1218,1843,1499,2466
./Cards/IMG_2525.jpeg,King,1234,1328,1539,1653
./Cards/IMG_2525.jpeg,Diamond,1248,1318,1650,1743
./Cards/IMG_2525.jpeg,Diamond,1746,1810,2225,2315
./Cards/IMG_2525.jpeg,King,1736,1820,2326,2426
./Cards/IMG_2572.jpeg,Card,1181,1843,1489,2473
./Cards/IMG_2572.jpeg,Two,1211,1285,1546,1653
./Cards/IMG_2572.jpeg,Diamond,1211,1285,1656,1750
./Cards/IMG_2572.jpeg,Diamond,1763,1823,2235,2322
./Cards/IMG_2572.jpeg,Two,1746,1826,2315,2429
./Cards/IMG_2509.jpeg,Card,1194,1840,1556,2510
./Cards/IMG_2509.jpeg,Three,1208,1295,1603,1710
./Cards/IMG_2509.jpeg,Club,1204,1301,1706,1800
./Cards/IMG_2509.jpeg,Club,1703,1806,2272,2356
./Cards/IMG_2509.jpeg,Three,1723,1806,2362,2476
./Cards/IMG_2620.jpeg,Card,1144,1890,1553,2486
./Cards/IMG_2620.jpeg,Five,1167,1258,1586,1713
./Cards/IMG_2620.jpeg,Diamond,1191,1254,1710,1797
./Cards/IMG_2620.jpeg,Diamond,1766,1840,2239,2326
./Cards/IMG_2620.jpeg,Five,1773,1847,2326,2449
./Cards/IMG_2677.jpeg,Card,1044,2024,1650,2315
./Cards/IMG_2677.jpeg,Diamond,1750,1840,1656,1723
./Cards/IMG_2677.jpeg,Ace,1840,1954,1656,1720
./Cards/IMG_2677.jpeg,Ace,1107,1221,2245,2315
./Cards/IMG_2677.jpeg,Diamond,1221,1301,2225,2302
./Cards/IMG_2548.jpeg,Card,1147,1860,1492,2449
./Cards/IMG_2548.jpeg,King,1161,1251,1536,1653
./Cards/IMG_2548.jpeg,Club,1164,1254,1653,1750
./Cards/IMG_2548.jpeg,Club,1739,1826,2205,2299
./Cards/IMG_2548.jpeg,King,1753,1830,2302,2413
./Cards/IMG_2661.jpeg,Card,1074,2027,1703,2409
./Cards/IMG_2661.jpeg,Two,1094,1218,2275,2366
./Cards/IMG_2661.jpeg,Spade,1211,1298,2292,2366
./Cards/IMG_2661.jpeg,Spade,1773,1873,1737,1810
./Cards/IMG_2661.jpeg,Two,1870,1980,1743,1820
./Cards/IMG_2636.jpeg,Card,1151,1860,1502,2449
./Cards/IMG_2636.jpeg,Ten,1167,1254,1553,1653
./Cards/IMG_2636.jpeg,Spade,1184,1254,1656,1757
./Cards/IMG_2636.jpeg,Spade,1756,1823,2192,2289
./Cards/IMG_2636.jpeg,Ten,1753,1840,2292,2399
./Cards/IMG_2641.jpeg,Card,1044,2017,1673,2356
./Cards/IMG_2641.jpeg,Jack,1104,1218,2259,2329
./Cards/IMG_2641.jpeg,Spade,1214,1295,2265,2329
./Cards/IMG_2641.jpeg,Spade,1746,1843,1693,1770
./Cards/IMG_2641.jpeg,Jack,1850,1960,1696,1763
./Cards/IMG_2568.jpeg,Card,1111,1857,1536,2476
./Cards/IMG_2568.jpeg,Nine,1144,1231,1583,1696
./Cards/IMG_2568.jpeg,Spade,1167,1218,1693,1790
./Cards/IMG_2568.jpeg,Spade,1746,1820,2212,2302
./Cards/IMG_2568.jpeg,Nine,1760,1830,2305,2423
./Cards/IMG_2587.jpeg,Card,1134,1830,1502,2479
./Cards/IMG_2587.jpeg,King,1161,1238,1553,1663
./Cards/IMG_2587.jpeg,Diamond,1167,1234,1670,1760
./Cards/IMG_2587.jpeg,Diamond,1723,1786,2228,2315
./Cards/IMG_2587.jpeg,King,1716,1796,2319,2433
./Cards/IMG_2616.jpeg,Card,1144,1836,1502,2486
./Cards/IMG_2616.jpeg,Five,1167,1254,1549,1670
./Cards/IMG_2616.jpeg,Club,1174,1244,1663,1763
./Cards/IMG_2616.jpeg,Club,1719,1810,2225,2326
./Cards/IMG_2616.jpeg,Five,1729,1810,2312,2439
./Cards/IMG_2495.jpeg,Card,1127,1753,1522,2513
./Cards/IMG_2495.jpeg,King,1151,1238,1563,1680
./Cards/IMG_2495.jpeg,Heart,1154,1231,1673,1773
./Cards/IMG_2495.jpeg,Heart,1652,1729,2259,2336
./Cards/IMG_2495.jpeg,King,1656,1736,2336,2443
./Cards/IMG_2600.jpeg,Card,1084,1780,1422,2399
./Cards/IMG_2600.jpeg,Five,1107,1191,1476,1586
./Cards/IMG_2600.jpeg,Heart,1114,1184,1593,1686
./Cards/IMG_2600.jpeg,Heart,1686,1763,2148,2239
./Cards/IMG_2600.jpeg,Five,1686,1756,2245,2352
./Cards/IMG_2483.jpeg,Card,1201,1803,1472,2463
./Cards/IMG_2483.jpeg,Ace,1221,1301,1522,1636
./Cards/IMG_2483.jpeg,Heart,1224,1295,1636,1723
./Cards/IMG_2483.jpeg,Heart,1696,1780,2218,2309
./Cards/IMG_2483.jpeg,Ace,1689,1766,2305,2416
./Cards/IMG_2529.jpeg,Card,1224,1843,1526,2516
./Cards/IMG_2529.jpeg,Eight,1258,1338,1573,1686
./Cards/IMG_2529.jpeg,Diamond,1261,1338,1690,1780
./Cards/IMG_2529.jpeg,Diamond,1743,1813,2252,2349
./Cards/IMG_2529.jpeg,Eight,1739,1823,2346,2459
./Cards/IMG_2657.jpeg,Card,1057,1984,1666,2396
./Cards/IMG_2657.jpeg,Queen,1087,1198,2265,2336
./Cards/IMG_2657.jpeg,Diamond,1204,1288,2269,2339
./Cards/IMG_2657.jpeg,Diamond,1766,1853,1727,1783
./Cards/IMG_2657.jpeg,Queen,1860,1970,1727,1804
./Cards/IMG_2591.jpeg,Card,1091,1770,1466,2463
./Cards/IMG_2591.jpeg,Ace,1127,1208,1536,1650
./Cards/IMG_2591.jpeg,Club,1124,1211,1646,1740
./Cards/IMG_2591.jpeg,Club,1666,1756,2212,2299
./Cards/IMG_2591.jpeg,Ace,1669,1746,2299,2433
./Cards/IMG_2505.jpeg,Card,1181,1780,1536,2520
./Cards/IMG_2505.jpeg,Six,1198,1274,1586,1693
./Cards/IMG_2505.jpeg,Club,1201,1268,1680,1780
./Cards/IMG_2505.jpeg,Club,1673,1760,2285,2372
./Cards/IMG_2505.jpeg,Six,1676,1746,2369,2476
./Cards/IMG_2552.jpeg,Card,1191,1873,1469,2453
./Cards/IMG_2552.jpeg,Five,1221,1291,1526,1636
./Cards/IMG_2552.jpeg,Spade,1228,1288,1643,1733
./Cards/IMG_2552.jpeg,Spade,1770,1836,2198,2295
./Cards/IMG_2552.jpeg,Five,1770,1840,2295,2409
./Cards/IMG_2682.jpeg,Card,1047,2017,1676,2356
./Cards/IMG_2682.jpeg,Nine,1087,1201,2269,2339
./Cards/IMG_2682.jpeg,Heart,1204,1298,2269,2339
./Cards/IMG_2682.jpeg,Heart,1753,1843,1693,1767
./Cards/IMG_2682.jpeg,Nine,1843,1957,1690,1767
./Cards/IMG_2544.jpeg,Card,1490,2466,1169,1904
./Cards/IMG_2544.jpeg,Nine,1534,1646,1780,1855
./Cards/IMG_2544.jpeg,Heart,1641,1735,1775,1847
./Cards/IMG_2544.jpeg,Heart,2221,2293,1227,1285
./Cards/IMG_2544.jpeg,Nine,2301,2422,1235,1289
./Cards/IMG_2513.jpeg,Card,1204,1826,1640,2617
./Cards/IMG_2513.jpeg,Seven,1214,1308,1680,1793
./Cards/IMG_2513.jpeg,Heart,1238,1308,1793,1880
./Cards/IMG_2513.jpeg,Heart,1709,1806,2356,2453
./Cards/IMG_2513.jpeg,Seven,1703,1800,2456,2573
./Cards/IMG_2512.jpeg,Card,1191,1803,1492,2493
./Cards/IMG_2512.jpeg,Eight,1214,1301,1546,1656
./Cards/IMG_2512.jpeg,Spade,1218,1301,1656,1757
./Cards/IMG_2512.jpeg,Spade,1693,1783,2228,2322
./Cards/IMG_2512.jpeg,Eight,1696,1776,2319,2436
./Cards/IMG_2545.jpeg,Card,1144,1863,1472,2449
./Cards/IMG_2545.jpeg,Seven,1161,1241,1516,1633
./Cards/IMG_2545.jpeg,Spade,1177,1241,1636,1730
./Cards/IMG_2545.jpeg,Spade,1743,1823,2178,2269
./Cards/IMG_2545.jpeg,Seven,1743,1830,2269,2389
./Cards/IMG_2683.jpeg,Card,1040,1984,1663,2402
./Cards/IMG_2683.jpeg,Six,1060,1171,2249,2332
./Cards/IMG_2683.jpeg,Spade,1174,1271,2265,2336
./Cards/IMG_2683.jpeg,Six,1823,1947,1727,1787
./Cards/IMG_2683.jpeg,Spade,1739,1840,1706,1790
./Cards/IMG_2553.jpeg,Card,1141,1833,1459,2486
./Cards/IMG_2553.jpeg,Three,1188,1281,1532,1636
./Cards/IMG_2553.jpeg,Spade,1188,1271,1636,1757
./Cards/IMG_2553.jpeg,Spade,1706,1796,2208,2319
./Cards/IMG_2553.jpeg,Three,1709,1790,2315,2436
./Cards/IMG_2504.jpeg,Card,1191,1860,1506,2500
./Cards/IMG_2504.jpeg,Three,1208,1305,1546,1656
./Cards/IMG_2504.jpeg,Diamond,1218,1308,1653,1747
./Cards/IMG_2504.jpeg,Diamond,1739,1826,2222,2322
./Cards/IMG_2504.jpeg,Three,1753,1833,2326,2449
./Cards/IMG_2590.jpeg,Card,1157,1863,1529,2493
./Cards/IMG_2590.jpeg,Seven,1191,1258,1576,1686
./Cards/IMG_2590.jpeg,Club,1194,1274,1683,1783
./Cards/IMG_2590.jpeg,Club,1756,1836,2239,2332
./Cards/IMG_2590.jpeg,Seven,1756,1840,2332,2446
./Cards/IMG_2656.jpeg,Card,1044,2037,1643,2312
./Cards/IMG_2656.jpeg,Ace,1104,1234,2242,2309
./Cards/IMG_2656.jpeg,Spade,1234,1318,2225,2295
./Cards/IMG_2656.jpeg,Spade,1763,1847,1660,1730
./Cards/IMG_2656.jpeg,Ace,1860,1974,1660,1727
./Cards/IMG_2482.jpeg,Card,1201,1826,1549,2530
./Cards/IMG_2482.jpeg,Ace,1234,1325,1583,1706
./Cards/IMG_2482.jpeg,Spade,1231,1311,1700,1814
./Cards/IMG_2482.jpeg,Spade,1706,1786,2275,2369
./Cards/IMG_2482.jpeg,Ace,1706,1790,2369,2489
./Cards/IMG_2528.jpeg,Card,1177,1830,1539,2536
./Cards/IMG_2528.jpeg,Four,1201,1291,1589,1703
./Cards/IMG_2528.jpeg,Club,1208,1285,1693,1787
./Cards/IMG_2528.jpeg,Club,1716,1800,2289,2382
./Cards/IMG_2528.jpeg,Four,1726,1800,2372,2493
./Cards/IMG_2601.jpeg,Card,1151,1820,1459,2466
./Cards/IMG_2601.jpeg,Nine,1171,1244,1519,1626
./Cards/IMG_2601.jpeg,Heart,1171,1241,1626,1730
./Cards/IMG_2601.jpeg,Heart,1709,1796,2205,2305
./Cards/IMG_2601.jpeg,Nine,1716,1786,2299,2413
./Cards/IMG_2494.jpeg,Card,1181,1836,1522,2510
./Cards/IMG_2494.jpeg,Two,1211,1305,1576,1690
./Cards/IMG_2494.jpeg,Diamond,1228,1298,1683,1777
./Cards/IMG_2494.jpeg,Diamond,1723,1803,2232,2332
./Cards/IMG_2494.jpeg,Two,1733,1813,2332,2443
./Cards/IMG_2617.jpeg,Card,1141,1823,1526,2496
./Cards/IMG_2617.jpeg,Eight,1174,1248,1576,1686
./Cards/IMG_2617.jpeg,Spade,1167,1241,1686,1787
./Cards/IMG_2617.jpeg,Spade,1733,1803,2245,2342
./Cards/IMG_2617.jpeg,Eight,1729,1806,2339,2456
./Cards/IMG_2569.jpeg,Card,1154,1877,1522,2489
./Cards/IMG_2569.jpeg,Jack,1181,1271,1576,1690
./Cards/IMG_2569.jpeg,Spade,1198,1268,1696,1797
./Cards/IMG_2569.jpeg,Spade,1763,1833,2235,2322
./Cards/IMG_2569.jpeg,Jack,1763,1840,2326,2439
./Cards/IMG_2586.jpeg,Card,1087,1833,1466,2433
./Cards/IMG_2586.jpeg,Ten,1124,1198,1522,1633
./Cards/IMG_2586.jpeg,Diamond,1134,1198,1636,1717
./Cards/IMG_2586.jpeg,Diamond,1716,1790,2158,2255
./Cards/IMG_2586.jpeg,Ten,1716,1796,2255,2382
./Cards/IMG_2640.jpeg,Card,1000,1987,1640,2329
./Cards/IMG_2640.jpeg,Seven,1057,1181,2225,2302
./Cards/IMG_2640.jpeg,Spade,1177,1264,2222,2295
./Cards/IMG_2640.jpeg,Spade,1706,1806,1656,1723
./Cards/IMG_2640.jpeg,Seven,1806,1923,1650,1727
./Cards/IMG_2637.jpeg,Card,1121,1816,1543,2506
./Cards/IMG_2637.jpeg,Three,1144,1234,1589,1696
./Cards/IMG_2637.jpeg,Diamond,1154,1221,1703,1790
./Cards/IMG_2637.jpeg,Diamond,1706,1783,2259,2352
./Cards/IMG_2637.jpeg,Three,1706,1786,2356,2466
./Cards/IMG_2660.jpeg,Card,1044,2030,1676,2469
./Cards/IMG_2660.jpeg,Five,1114,1231,2342,2429
./Cards/IMG_2660.jpeg,Diamond,1234,1325,2342,2416
./Cards/IMG_2660.jpeg,Diamond,1739,1826,1740,1797
./Cards/IMG_2660.jpeg,Five,1826,1944,1717,1793
./Cards/IMG_2549.jpeg,Card,1167,1860,1516,2476
./Cards/IMG_2549.jpeg,Six,1177,1261,1556,1673
./Cards/IMG_2549.jpeg,Heart,1184,1258,1673,1767
./Cards/IMG_2549.jpeg,Heart,1753,1830,2218,2319
./Cards/IMG_2549.jpeg,Six,1750,1826,2319,2423
./Cards/IMG_2676.jpeg,Card,997,1984,1686,2372
./Cards/IMG_2676.jpeg,Eight,1047,1161,2279,2342
./Cards/IMG_2676.jpeg,Heart,1161,1258,2282,2342
./Cards/IMG_2676.jpeg,Eight,1813,1930,1717,1787
./Cards/IMG_2676.jpeg,Heart,1726,1813,1710,1787
./Cards/IMG_2621.jpeg,Card,1147,1810,1462,2489
./Cards/IMG_2621.jpeg,King,1188,1268,1512,1633
./Cards/IMG_2621.jpeg,Diamond,1184,1244,1636,1723
./Cards/IMG_2621.jpeg,Diamond,1689,1766,2228,2329
./Cards/IMG_2621.jpeg,King,1679,1760,2319,2443
./Cards/IMG_2508.jpeg,Card,1201,1833,1549,2493
./Cards/IMG_2508.jpeg,Jack,1228,1308,1579,1690
./Cards/IMG_2508.jpeg,Diamond,1238,1308,1693,1773
./Cards/IMG_2508.jpeg,Diamond,1733,1810,2262,2356
./Cards/IMG_2508.jpeg,Jack,1733,1806,2359,2466
./Cards/IMG_2573.jpeg,Card,1124,1813,1476,2443
./Cards/IMG_2573.jpeg,Four,1144,1231,1526,1643
./Cards/IMG_2573.jpeg,Spade,1164,1221,1633,1733
./Cards/IMG_2573.jpeg,Spade,1713,1790,2192,2282
./Cards/IMG_2573.jpeg,Four,1716,1790,2282,2389
./Cards/IMG_2524.jpeg,Card,1211,1823,1472,2449
./Cards/IMG_2524.jpeg,Seven,1224,1311,1522,1626
./Cards/IMG_2524.jpeg,Diamond,1238,1311,1623,1730
./Cards/IMG_2524.jpeg,Diamond,1726,1800,2192,2299
./Cards/IMG_2524.jpeg,Seven,1736,1806,2275,2409
./Cards/IMG_2498.jpeg,Card,1201,1830,1482,2479
./Cards/IMG_2498.jpeg,Ten,1211,1318,1532,1646
./Cards/IMG_2498.jpeg,Club,1231,1308,1640,1730
./Cards/IMG_2498.jpeg,Club,1716,1800,2212,2305
./Cards/IMG_2498.jpeg,Ten,1723,1816,2302,2419
./Cards/IMG_2532.jpeg,Card,1181,1813,1569,2566
./Cards/IMG_2532.jpeg,Queen,1214,1285,1616,1730
./Cards/IMG_2532.jpeg,Club,1214,1281,1720,1807
./Cards/IMG_2532.jpeg,Club,1689,1776,2309,2399
./Cards/IMG_2532.jpeg,Queen,1693,1773,2389,2479
./Cards/IMG_2565.jpeg,Card,1167,1863,1472,2520
./Cards/IMG_2565.jpeg,Five,1221,1288,1543,1656
./Cards/IMG_2565.jpeg,Club,1208,1281,1650,1747
./Cards/IMG_2565.jpeg,Club,1729,1810,2239,2336
./Cards/IMG_2565.jpeg,Five,1736,1800,2336,2446